Date,y,proba,split
2020-12-31,1,0.5289470826169698,IS
2021-01-04,1,0.5811331077000644,IS
2021-01-05,1,0.5749670606559496,IS
2021-01-06,1,0.5340410127440579,IS
2021-01-07,1,0.5872766496467798,IS
2021-01-08,0,0.5609854703566026,IS
2021-01-11,0,0.5759621228139699,IS
2021-01-12,0,0.5913843226416724,IS
2021-01-13,1,0.5505328769673852,IS
2021-01-14,0,0.587243195559752,IS
2021-01-15,0,0.5505092487857082,IS
2021-01-19,0,0.5738394011429232,IS
2021-01-20,1,0.5570318925444406,IS
2021-01-21,1,0.5733683780343434,IS
2021-01-22,1,0.5597045583007672,IS
2021-01-25,1,0.5525244115386295,IS
2021-01-26,1,0.5795563263684517,IS
2021-01-27,0,0.6130317477342021,IS
2021-01-28,1,0.5570624175258435,IS
2021-01-29,0,0.5905492828042495,IS
2021-02-01,1,0.5664511095496912,IS
2021-02-02,1,0.5641773788350652,IS
2021-02-03,1,0.5735801126722181,IS
2021-02-04,1,0.5550049735465712,IS
2021-02-05,1,0.540116299755012,IS
2021-02-08,1,0.5597611638014764,IS
2021-02-09,1,0.5098785480397987,IS
2021-02-10,1,0.4845556500162634,IS
2021-02-11,0,0.5188781823851262,IS
2021-02-12,0,0.5259087631158276,IS
2021-02-16,0,0.5624643207519611,IS
2021-02-17,0,0.5511386767863202,IS
2021-02-18,0,0.5771921424557543,IS
2021-02-19,0,0.6143117085904887,IS
2021-02-22,0,0.6091842017593725,IS
2021-02-23,0,0.5585837037480942,IS
2021-02-24,0,0.5098426537782929,IS
2021-02-25,0,0.5825499581867938,IS
2021-02-26,1,0.5866984970003756,IS
2021-03-01,0,0.47878111212351804,IS
2021-03-02,1,0.5754958712103879,IS
2021-03-03,1,0.5466827777014054,IS
2021-03-04,1,0.536968477404541,IS
2021-03-05,1,0.5138337856483371,IS
2021-03-08,1,0.5533938634445413,IS
2021-03-09,1,0.4925649126340615,IS
2021-03-10,1,0.49640088141569694,IS
2021-03-11,1,0.5590201698090751,IS
2021-03-12,1,0.4405960283994365,IS
2021-03-15,0,0.4372673882974169,IS
2021-03-16,1,0.44970739605992865,IS
2021-03-17,1,0.47524874728458616,IS
2021-03-18,1,0.43406352644809276,IS
2021-03-19,1,0.4634952860717993,IS
2021-03-22,1,0.4670299027271573,IS
2021-03-23,0,0.5325671972188799,IS
2021-03-24,0,0.5014744734762424,IS
2021-03-25,1,0.45643959786475674,IS
2021-03-26,0,0.48616471264058564,IS
2021-03-29,0,0.47509083905998317,IS
2021-03-30,0,0.4950110876267662,IS
2021-03-31,0,0.4707630441411294,IS
2021-04-01,0,0.4825649926746841,IS
2021-04-05,1,0.4389345753143531,IS
2021-04-06,0,0.45674932608391444,IS
2021-04-07,0,0.46164497346199823,IS
2021-04-08,0,0.45760718298508074,IS
2021-04-09,0,0.4510618660069299,IS
2021-04-12,0,0.4515489396037833,IS
2021-04-13,0,0.43779745509149526,IS
2021-04-14,0,0.5147977524791637,IS
2021-04-15,0,0.4883537752534217,IS
2021-04-16,1,0.512549091071605,IS
2021-04-19,1,0.5140380829435134,IS
2021-04-20,1,0.4968794189392014,IS
2021-04-21,1,0.542319026931257,IS
2021-04-22,1,0.548131183382983,IS
2021-04-23,1,0.5243361831384314,IS
2021-04-26,0,0.488412275821104,IS
2021-04-27,0,0.48271725071443156,IS
2021-04-28,1,0.45428815515555926,IS
2021-04-29,1,0.45315122749540043,IS
2021-04-30,1,0.46399932921020154,IS
2021-05-03,1,0.49846215531290267,IS
2021-05-04,1,0.5028542769336889,IS
2021-05-05,0,0.4960963373270741,IS
2021-05-06,1,0.4613960953971948,IS
2021-05-07,1,0.46780379829789315,IS
2021-05-10,1,0.44609754376956007,IS
2021-05-11,1,0.49137172563315146,IS
2021-05-12,1,0.4982836267936029,IS
2021-05-13,0,0.42128455054941516,IS
2021-05-14,0,0.45881234989453173,IS
2021-05-17,0,0.4787369703301732,IS
2021-05-18,0,0.46671459903925017,IS
2021-05-19,1,0.4631736827332366,IS
2021-05-20,1,0.4500256629329312,IS
2021-05-21,1,0.46940076583174106,IS
2021-05-24,0,0.4733299401340138,IS
2021-05-25,0,0.4800644923759633,IS
2021-05-26,0,0.4593380733029877,IS
2021-05-27,1,0.4958811495882666,IS
2021-05-28,0,0.474901683573177,IS
2021-06-01,0,0.4922165510379493,IS
2021-06-02,1,0.48256291914468097,IS
2021-06-03,1,0.479404045757279,IS
2021-06-04,1,0.493601751310956,IS
2021-06-07,1,0.4854950367560808,IS
2021-06-08,1,0.5006102095213769,IS
2021-06-09,0,0.4730530403217124,IS
2021-06-10,0,0.4726781363255664,IS
2021-06-11,0,0.47383454215543436,IS
2021-06-14,0,0.4537934601006823,IS
2021-06-15,0,0.4528495308919841,IS
2021-06-16,0,0.46555351617510976,IS
2021-06-17,0,0.4769071703133446,IS
2021-06-18,0,0.5134576716906072,IS
2021-06-21,0,0.4667239003199074,IS
2021-06-22,0,0.4914213963414424,IS
2021-06-23,0,0.5190563861890083,IS
2021-06-24,1,0.5494909368115922,IS
2021-06-25,0,0.5483333192347191,IS
2021-06-28,0,0.5170739059814522,IS
2021-06-29,1,0.5374375781169506,IS
2021-06-30,1,0.5313536359983695,IS
2021-07-01,1,0.5100460149664772,IS
2021-07-02,1,0.5297136749494269,IS
2021-07-06,0,0.5153953091295078,IS
2021-07-07,0,0.494775164204898,IS
2021-07-08,1,0.5174667007206171,IS
2021-07-09,1,0.5265789835749449,IS
2021-07-12,1,0.5078197816112379,IS
2021-07-13,1,0.5205699986749075,IS
2021-07-14,1,0.4987940770363448,IS
2021-07-15,0,0.4914613288428032,IS
2021-07-16,0,0.48732084559137423,IS
2021-07-19,0,0.4966232481025088,IS
2021-07-20,0,0.5056234890360871,IS
2021-07-21,1,0.5346075889466702,IS
2021-07-22,1,0.5866780354691501,IS
2021-07-23,0,0.5675513670699099,IS
2021-07-26,1,0.571774312336679,IS
2021-07-27,0,0.55876260746278,IS
2021-07-28,0,0.587665903366655,IS
2021-07-29,0,0.5760293231645472,IS
2021-07-30,0,0.5810827515349698,IS
2021-08-02,0,0.5488990739097023,IS
2021-08-03,0,0.5554857489413964,IS
2021-08-04,0,0.5549530576993328,IS
2021-08-05,0,0.5608119522516175,IS
2021-08-06,0,0.5782084907888357,IS
2021-08-09,0,0.5793009370254079,IS
2021-08-10,0,0.5876001369822655,IS
2021-08-11,0,0.5732472347988185,IS
2021-08-12,0,0.544543351929967,IS
2021-08-13,0,0.5424156237236653,IS
2021-08-16,0,0.5597243515519865,IS
2021-08-17,1,0.5807821240322892,IS
2021-08-18,1,0.53533879497583,IS
2021-08-19,1,0.5302947641311678,IS
2021-08-20,1,0.5286803938448432,IS
2021-08-23,1,0.6065071389068494,IS
2021-08-24,1,0.561545436603834,IS
2021-08-25,0,0.5660497583884454,IS
2021-08-26,0,0.5341591462291074,IS
2021-08-27,0,0.5246176253611576,IS
2021-08-30,1,0.5137442370784853,IS
2021-08-31,0,0.5277706983978669,IS
2021-09-01,1,0.4946590793510498,IS
2021-09-02,1,0.5112737288192336,IS
2021-09-03,1,0.5336734622869943,IS
2021-09-07,1,0.5338575688519412,IS
2021-09-08,1,0.44881874915059916,IS
2021-09-09,1,0.4709279099186668,IS
2021-09-10,1,0.48412602471626354,IS
2021-09-13,1,0.4570340789142587,IS
2021-09-14,1,0.45851672431164786,IS
2021-09-15,0,0.5511810465665427,IS
2021-09-16,0,0.5529704661959999,IS
2021-09-17,0,0.5576050618628113,IS
2021-09-20,0,0.5355281138015645,IS
2021-09-21,0,0.5551904157923973,IS
2021-09-22,0,0.5528836449805079,IS
2021-09-23,0,0.5783585252167786,IS
2021-09-24,0,0.6054113215008513,IS
2021-09-27,1,0.6403573676855275,IS
2021-09-28,1,0.6360306648923242,IS
2021-09-29,1,0.6328166454900325,IS
2021-09-30,1,0.6457939025908424,IS
2021-10-01,1,0.6014962919334154,IS
2021-10-04,0,0.576802755879306,IS
2021-10-05,0,0.5934924785187586,IS
2021-10-06,0,0.5519154286246792,IS
2021-10-07,1,0.5592774047041178,IS
2021-10-08,1,0.5472956418428989,IS
2021-10-11,1,0.5676785872176103,IS
2021-10-12,1,0.5491221398890951,IS
2021-10-13,1,0.5973289387847641,IS
2021-10-14,1,0.4803157260464977,IS
2021-10-15,1,0.5252681232277372,IS
2021-10-18,1,0.5125666828994929,IS
2021-10-19,1,0.43221656349795884,IS
2021-10-20,1,0.4316259032915259,IS
2021-10-21,1,0.432123933787372,IS
2021-10-22,0,0.43944945493647936,IS
2021-10-25,1,0.43723095861147065,IS
2021-10-26,1,0.3777778195951423,IS
2021-10-27,1,0.43713300252546605,IS
2021-10-28,1,0.38236163530162565,IS
2021-10-29,1,0.39068189285724964,IS
2021-11-01,0,0.38096320795814226,IS
2021-11-02,0,0.37731246230875914,IS
2021-11-03,0,0.3718198384848475,IS
2021-11-04,0,0.3862382597941257,IS
2021-11-05,0,0.3745610222476116,IS
2021-11-08,1,0.3890447417645708,IS
2021-11-09,1,0.3700014935404765,IS
2021-11-10,1,0.3517627003221281,IS
2021-11-11,1,0.37005494580609843,IS
2021-11-12,1,0.357650726006649,IS
2021-11-15,0,0.33594898701290726,IS
2021-11-16,1,0.35521993990090495,IS
2021-11-17,0,0.33804454211953583,IS
2021-11-18,0,0.3510123471810672,IS
2021-11-19,0,0.33191189437579977,IS
2021-11-22,0,0.34762659162936793,IS
2021-11-23,0,0.35887580023571825,IS
2021-11-24,0,0.3515618556267302,IS
2021-11-26,0,0.3442190409651665,IS
2021-11-29,0,0.35107405542841197,IS
2021-11-30,0,0.3901798137328721,IS
2021-12-01,0,0.3625029581087116,IS
2021-12-02,0,0.3613255442097022,IS
2021-12-03,0,0.36114407645032803,IS
2021-12-06,0,0.3751005289817619,IS
2021-12-07,0,0.3784241405603133,IS
2021-12-08,0,0.38739921218374285,IS
2021-12-09,0,0.37725162040179466,IS
2021-12-10,0,0.3815176248091507,IS
2021-12-13,0,0.3991921323004663,IS
2021-12-14,1,0.5135631935395117,IS
2021-12-15,1,0.4963006438990088,IS
2021-12-16,1,0.4290094372607383,IS
2021-12-17,1,0.4438038966319651,IS
2021-12-20,1,0.4247359086402316,IS
2021-12-21,0,0.4429283060276618,IS
2021-12-22,0,0.4221080775185099,IS
2021-12-23,0,0.4189224785524567,IS
2021-12-27,0,0.4114343408270626,IS
2021-12-28,1,0.3985906046608918,IS
2021-12-29,1,0.3994296996661191,IS
2021-12-30,1,0.39520141864809866,IS
2021-12-31,1,0.43649117237708907,IS
2022-01-03,1,0.46362092580135744,IS
2022-01-04,1,0.44723209640188216,IS
2022-01-05,1,0.3896274959109297,IS
2022-01-06,1,0.4103133043848824,IS
2022-01-07,1,0.3396931262221392,IS
2022-01-10,1,0.3546366054578624,IS
2022-01-11,1,0.3815856832411834,IS
2022-01-12,1,0.36498513387609394,IS
2022-01-13,1,0.3586897121884087,IS
2022-01-14,1,0.39199591657690636,IS
2022-01-18,0,0.4093488081053246,IS
2022-01-19,0,0.39177472843661265,IS
2022-01-20,0,0.39940259359234287,IS
2022-01-21,0,0.4112298084353814,IS
2022-01-24,0,0.4243859467815251,IS
2022-01-25,1,0.45468631244054,IS
2022-01-26,1,0.45895317444973555,IS
2022-01-27,1,0.4398920355976165,IS
2022-01-28,0,0.4306177415327772,IS
2022-01-31,0,0.4101341874102112,IS
2022-02-01,0,0.4417622571715968,IS
2022-02-02,1,0.3979207391848489,IS
2022-02-03,0,0.4178548859237916,IS
2022-02-04,0,0.42212454819631295,IS
2022-02-07,0,0.3977208784885328,IS
2022-02-08,0,0.4975016738795845,IS
2022-02-09,0,0.49395697379300707,IS
2022-02-10,0,0.5301446552041761,IS
2022-02-11,0,0.5088590746123008,IS
2022-02-14,0,0.5179451276963508,IS
2022-02-15,0,0.5166579641157377,IS
2022-02-16,0,0.5554013406995119,IS
2022-02-17,1,0.5471511481611321,IS
2022-02-18,1,0.521820660720566,IS
2022-02-22,0,0.5346996569432937,IS
2022-02-23,1,0.5499686390302996,IS
2022-02-24,1,0.527709861840784,IS
2022-02-25,1,0.4680876266180009,IS
2022-02-28,1,0.512223403650863,IS
2022-03-01,1,0.5386224969329593,IS
2022-03-02,1,0.4567821730664339,IS
2022-03-03,1,0.41083028786703674,IS
2022-03-04,1,0.510763043767101,IS
2022-03-07,1,0.512074244888539,IS
2022-03-08,1,0.5326000414966255,IS
2022-03-09,1,0.4807905983590379,IS
2022-03-10,1,0.4928581873865848,IS
2022-03-11,1,0.5073141844707466,IS
2022-03-14,0,0.48818357104602944,IS
2022-03-15,0,0.4943383454511635,IS
2022-03-16,0,0.43689191929784804,IS
2022-03-17,0,0.4610748433703411,IS
2022-03-18,1,0.5912702040724999,IS
2022-03-21,0,0.5775242592836309,IS
2022-03-22,0,0.5819489147687593,IS
2022-03-23,0,0.5836675441308781,IS
2022-03-24,0,0.5557297683603187,IS
2022-03-25,0,0.5480616078541845,IS
2022-03-28,0,0.5369078600202177,IS
2022-03-29,0,0.5566291746506539,IS
2022-03-30,0,0.5635529383954004,IS
2022-03-31,0,0.5660637112391702,IS
2022-04-01,0,0.5852392621832615,IS
2022-04-04,0,0.6140434158989305,IS
2022-04-05,0,0.5588427669268052,IS
2022-04-06,1,0.5768166803112397,IS
2022-04-07,1,0.6666234258884335,IS
2022-04-08,1,0.6710891590263496,IS
2022-04-11,1,0.6881574206196993,IS
2022-04-12,0,0.6957696981144641,IS
2022-04-13,1,0.6867033992047484,IS
2022-04-14,1,0.641278117360643,IS
2022-04-18,1,0.6396480334725952,IS
2022-04-19,1,0.5351956009855304,IS
2022-04-20,1,0.5506836521007591,IS
2022-04-21,1,0.5810933269606481,IS
2022-04-22,1,0.5339799040496346,IS
2022-04-25,1,0.4125636801334012,IS
2022-04-26,0,0.5303443180278504,IS
2022-04-27,1,0.42691392435452985,IS
2022-04-28,0,0.41789272982888537,IS
2022-04-29,0,0.5683101801684589,IS
2022-05-02,1,0.483879148039558,IS
2022-05-03,1,0.4330874298806883,IS
2022-05-04,0,0.43354141798976575,IS
2022-05-05,0,0.4645433830662795,IS
2022-05-06,0,0.4454533994476555,IS
2022-05-09,0,0.4312229584016918,IS
2022-05-10,1,0.4451880919755851,IS
2022-05-11,1,0.4400052755797046,IS
2022-05-12,1,0.45393527880015494,IS
2022-05-13,1,0.4278838374035206,IS
2022-05-16,1,0.4364862237643006,IS
2022-05-17,0,0.40081068003184134,IS
2022-05-18,0,0.40609929504946995,IS
2022-05-19,1,0.3962981350072879,IS
2022-05-20,0,0.3822760141691092,IS
2022-05-23,0,0.35509255577852067,IS
2022-05-24,1,0.34072744356824053,IS
2022-05-25,1,0.36547899493096353,IS
2022-05-26,1,0.3640503067591218,IS
2022-05-27,1,0.3523031850748288,IS
2022-05-31,1,0.38483395323667385,IS
2022-06-01,0,0.3723610464690163,IS
2022-06-02,0,0.36830002263885947,IS
2022-06-03,0,0.3840667198448868,IS
2022-06-06,0,0.4895709438046715,IS
2022-06-07,0,0.3681630560392178,IS
2022-06-08,0,0.40323801423870137,IS
2022-06-09,0,0.41298475650511957,IS
2022-06-10,0,0.40307405003261754,IS
2022-06-13,0,0.49977197145156815,IS
2022-06-14,1,0.5769131936663825,IS
2022-06-15,1,0.5731773087977529,IS
2022-06-16,1,0.6391908881440602,IS
2022-06-17,1,0.6451570921155352,IS
2022-06-21,1,0.6347543432798199,IS
2022-06-22,1,0.6238155045214616,IS
2022-06-23,1,0.6530161005426315,IS
2022-06-24,1,0.6074085169627164,IS
2022-06-27,1,0.6054761593569735,IS
2022-06-28,1,0.6113797910790006,IS
2022-06-29,1,0.5954042641517086,IS
2022-06-30,1,0.5724679876767332,IS
2022-07-01,0,0.5597711073120957,IS
2022-07-05,1,0.5402821778880337,IS
2022-07-06,0,0.5045974947372567,IS
2022-07-07,1,0.5216805088452939,IS
2022-07-08,1,0.5275551202150434,IS
2022-07-11,0,0.5655591519964516,IS
2022-07-12,0,0.566537670588837,IS
2022-07-13,0,0.5889602635548303,IS
2022-07-14,0,0.5748040241245131,IS
2022-07-15,0,0.5704751063465398,IS
2022-07-18,1,0.5771003469702627,IS
2022-07-19,1,0.522305163766722,IS
2022-07-20,1,0.5172586593124738,IS
2022-07-21,1,0.47645727218420414,IS
2022-07-22,0,0.45698733749601717,IS
2022-07-25,0,0.457825587245862,IS
2022-07-26,0,0.45272100222194217,IS
2022-07-27,0,0.4639285125831283,IS
2022-07-28,0,0.41731255582936466,IS
2022-07-29,0,0.46631020811755797,IS
2022-08-01,0,0.47624769934166017,IS
2022-08-02,0,0.5068806825737836,IS
2022-08-03,0,0.4962728134992848,IS
2022-08-04,1,0.46151215409143886,IS
2022-08-05,0,0.4858010016118652,IS
2022-08-08,0,0.4926444755982269,IS
2022-08-09,0,0.4767051843183788,IS
2022-08-10,0,0.4954775536737014,IS
2022-08-11,0,0.5084260114546322,IS
2022-08-12,0,0.4790856038564398,IS
2022-08-15,1,0.5365002424304285,IS
2022-08-16,1,0.4985720360424564,IS
2022-08-17,1,0.5723427391375485,IS
2022-08-18,1,0.5606381919077069,IS
2022-08-19,1,0.5445130478042193,IS
2022-08-22,1,0.5497769294734609,IS
2022-08-23,1,0.5170364189553512,IS
2022-08-24,1,0.4702928064305136,IS
2022-08-25,1,0.4672980722839347,IS
2022-08-26,1,0.5054472186158944,IS
2022-08-29,0,0.41033438546734846,IS
2022-08-30,0,0.40748296754090607,IS
2022-08-31,0,0.4575457150408698,IS
2022-09-01,0,0.43607636922501974,IS
2022-09-02,0,0.4847422661688198,IS
2022-09-06,0,0.45559928111131676,IS
2022-09-07,1,0.4216654887884872,IS
2022-09-08,1,0.5330639135188738,IS
2022-09-09,1,0.5343097602196922,IS
2022-09-12,1,0.5261013260037463,IS
2022-09-13,1,0.5709312754799774,IS
2022-09-14,1,0.48644916371537433,IS
2022-09-15,1,0.5302821767584474,IS
2022-09-16,1,0.4912899793898501,IS
2022-09-19,1,0.47002982294301093,IS
2022-09-20,1,0.5133676491993003,IS
2022-09-21,1,0.5048107296883911,IS
2022-09-22,1,0.4874502318978383,IS
2022-09-23,0,0.4768083072058543,IS
2022-09-26,0,0.5152188257558316,IS
2022-09-27,0,0.5274137097353191,IS
2022-09-28,0,0.507043135493363,IS
2022-09-29,0,0.5943429880827519,IS
2022-09-30,0,0.5905926188413197,IS
2022-10-03,0,0.5735297652187406,IS
2022-10-04,0,0.5783364085034539,IS
2022-10-05,0,0.6328609640621888,IS
2022-10-06,0,0.6607169019636061,IS
2022-10-07,0,0.6949179325658317,IS
2022-10-10,1,0.6949362296358608,IS
2022-10-11,1,0.7052684484786489,IS
2022-10-12,1,0.7448326075978298,IS
2022-10-13,0,0.7258817701131686,IS
2022-10-14,1,0.7269751576156137,IS
2022-10-17,1,0.7142306276195262,IS
2022-10-18,1,0.6595285474037899,IS
2022-10-19,1,0.6739346420452699,IS
2022-10-20,1,0.6910549470916263,IS
2022-10-21,1,0.6652724310096226,IS
2022-10-24,1,0.6293087136328228,IS
2022-10-25,1,0.5924500126076442,IS
2022-10-26,1,0.5753427784690036,IS
2022-10-27,1,0.567045752165982,IS
2022-10-28,0,0.5279148772145879,IS
2022-10-31,0,0.4671814928019372,IS
2022-11-01,0,0.4478726948306051,IS
2022-11-02,0,0.5361190392996512,IS
2022-11-03,1,0.5244333272605232,IS
2022-11-04,1,0.5352913781539036,IS
2022-11-07,1,0.5598865191185324,IS
2022-11-08,1,0.5308524168018016,IS
2022-11-09,1,0.5237317286763455,IS
2022-11-10,0,0.4795246725780777,IS
2022-11-11,1,0.5265697606779199,IS
2022-11-14,1,0.48719372846701153,IS
2022-11-15,1,0.4766605806293453,IS
2022-11-16,0,0.5090682646590211,IS
2022-11-17,0,0.4866905072469328,IS
2022-11-18,0,0.4807027452211633,IS
2022-11-21,0,0.49871309349250886,IS
2022-11-22,0,0.5046460544994994,IS
2022-11-23,0,0.49426804008655095,IS
2022-11-25,1,0.5190664738651648,IS
2022-11-28,0,0.5506157622364045,IS
2022-11-29,0,0.5567299454419045,IS
2022-11-30,0,0.5206543142519403,IS
2022-12-01,0,0.5487910942283017,IS
2022-12-02,0,0.549344101585012,IS
2022-12-05,0,0.5426241983482936,IS
2022-12-06,0,0.5134941419102351,IS
2022-12-07,0,0.5262141308013362,IS
2022-12-08,1,0.49952607736623367,IS
2022-12-09,1,0.5265856103931056,IS
2022-12-12,1,0.47445608023039276,IS
2022-12-13,1,0.49896866018620767,IS
2022-12-14,1,0.49231990394763764,IS
2022-12-15,1,0.48979305277449126,IS
2022-12-16,1,0.47401981179003005,IS
2022-12-19,0,0.4589516441031572,IS
2022-12-20,0,0.4406411375344953,IS
2022-12-21,0,0.4212210790396532,IS
2022-12-22,1,0.43678322212918214,IS
2022-12-23,0,0.4225043661523342,IS
2022-12-27,0,0.4183383623396202,IS
2022-12-28,1,0.4401069045602726,IS
2022-12-29,0,0.4258032099404825,IS
2022-12-30,0,0.4583811679084662,IS
2023-01-03,0,0.4247412849790344,IS
2023-01-04,1,0.438387993775069,IS
2023-01-05,0,0.47473674136214083,IS
2023-01-06,1,0.4164894796580268,IS
2023-01-09,1,0.44776908068236376,IS
2023-01-10,1,0.45118266644001304,IS
2023-01-11,1,0.447685884309786,IS
2023-01-12,1,0.45891958050533094,IS
2023-01-13,1,0.4548468413322316,IS
2023-01-17,1,0.44613842875919213,IS
2023-01-18,1,0.47189925627793067,IS
2023-01-19,0,0.4717409553386283,IS
2023-01-20,0,0.4574872669806959,IS
2023-01-23,0,0.4663649155223649,IS
2023-01-24,1,0.4565868985901317,IS
2023-01-25,0,0.49534601079869917,IS
2023-01-26,0,0.48163597474632486,IS
2023-01-27,0,0.48308542918450414,IS
2023-01-30,0,0.4869064276706401,IS
2023-01-31,1,0.4863231407540745,IS
2023-02-01,0,0.4779198863258701,IS
2023-02-02,0,0.4757210403988685,IS
2023-02-03,0,0.5001071391593921,IS
2023-02-06,0,0.4724822674950326,IS
2023-02-07,0,0.48274862906332305,IS
2023-02-08,1,0.4903661961935906,IS
2023-02-09,1,0.4770978540790394,IS
2023-02-10,1,0.43700520623679684,IS
2023-02-13,0,0.4358120191248013,IS
2023-02-14,1,0.4435333751169661,IS
2023-02-15,0,0.427442147667357,IS
2023-02-16,0,0.4421021886204919,IS
2023-02-17,0,0.41434283035512026,IS
2023-02-21,0,0.44858506804545306,IS
2023-02-22,0,0.4281456971313888,IS
2023-02-23,0,0.45810818327662883,IS
2023-02-24,0,0.453726452577194,IS
2023-02-27,0,0.44822705390840906,IS
2023-02-28,1,0.4821278489908549,IS
2023-03-01,1,0.5115123540162443,IS
2023-03-02,1,0.47742027475138626,IS
2023-03-03,0,0.4722969148963364,IS
2023-03-06,1,0.46539642992388786,IS
2023-03-07,1,0.4799046559724788,IS
2023-03-08,1,0.460085070748746,IS
2023-03-09,1,0.4745026757940035,IS
2023-03-10,1,0.5036330677458492,IS
2023-03-13,1,0.4633253556148438,IS
2023-03-14,1,0.4501297934032788,IS
2023-03-15,0,0.443639533850021,IS
2023-03-16,0,0.517212547945593,IS
2023-03-17,0,0.48591132565617723,IS
2023-03-20,0,0.5326901862191813,IS
2023-03-21,0,0.5194897820383143,IS
2023-03-22,1,0.5627015263837996,IS
2023-03-23,1,0.5063725716206067,IS
2023-03-24,1,0.45905874881186853,IS
2023-03-27,1,0.5495503966320394,IS
2023-03-28,1,0.536123973318806,IS
2023-03-29,0,0.5068603989461434,IS
2023-03-30,0,0.5177564335931562,IS
2023-03-31,0,0.5118420816492478,IS
2023-04-03,1,0.5354696862849495,IS
2023-04-04,1,0.49485672127665453,IS
2023-04-05,0,0.4753846751443468,IS
2023-04-06,1,0.48849511228111536,IS
2023-04-10,1,0.4727170760627337,IS
2023-04-11,1,0.4738586413622072,IS
2023-04-12,0,0.47547867322966564,IS
2023-04-13,0,0.4705392939244582,IS
2023-04-14,0,0.49152969552190967,IS
2023-04-17,0,0.46776306599469064,IS
2023-04-18,0,0.48508883754198223,IS
2023-04-19,1,0.46803332609556664,IS
2023-04-20,0,0.46515359344426305,IS
2023-04-21,1,0.45661031043342637,IS
2023-04-24,1,0.46815278522028836,IS
2023-04-25,1,0.46806319534673674,IS
2023-04-26,0,0.4905651723482204,IS
2023-04-27,0,0.4579498873677675,IS
2023-04-28,0,0.48140005200504943,IS
2023-05-01,0,0.46268948301552515,IS
2023-05-02,1,0.4626011834232131,IS
2023-05-03,0,0.44137817560167714,IS
2023-05-04,1,0.450372090836486,IS
2023-05-05,0,0.46792375370835965,IS
2023-05-08,1,0.47382496905611937,IS
2023-05-09,1,0.46708522235935135,IS
2023-05-10,1,0.44937444540554944,IS
2023-05-11,1,0.47294489011906304,IS
2023-05-12,1,0.4455481191302077,IS
2023-05-15,1,0.4765377822140069,IS
2023-05-16,0,0.4836295419863238,IS
2023-05-17,0,0.4828475094804297,IS
2023-05-18,0,0.48620324181232316,IS
2023-05-19,0,0.49462844094009745,IS
2023-05-22,0,0.49865527202468274,IS
2023-05-23,1,0.5149251679701806,IS
2023-05-24,0,0.5330925659377397,IS
2023-05-25,1,0.547215451002523,IS
2023-05-26,1,0.5551185653716747,IS
2023-05-30,1,0.5527830216423343,IS
2023-05-31,1,0.5342506745278597,IS
2023-06-01,1,0.5693212480998954,IS
2023-06-02,1,0.5472059487837279,IS
2023-06-05,1,0.5378570494714227,IS
2023-06-06,1,0.537693462185618,IS
2023-06-07,1,0.5139239158451193,IS
2023-06-08,1,0.5032759382818566,IS
2023-06-09,1,0.5430852491966502,IS
2023-06-12,0,0.5035867045458106,IS
2023-06-13,0,0.508532407234058,IS
2023-06-14,0,0.46877065637155513,IS
2023-06-15,0,0.4074690646783396,IS
2023-06-16,0,0.4628195279971606,IS
2023-06-20,1,0.42362315754718793,IS
2023-06-21,0,0.40761144030688584,IS
2023-06-22,0,0.4175785664443601,IS
2023-06-23,1,0.49053033264897195,IS
2023-06-26,1,0.47766419913325403,IS
2023-06-27,1,0.47941093115957656,IS
2023-06-28,1,0.5090461208251025,IS
2023-06-29,0,0.45067411790662826,IS
2023-06-30,0,0.43483294075394585,IS
2023-07-03,0,0.43728325171572113,IS
2023-07-05,0,0.4411453869993942,IS
2023-07-06,1,0.45743663562876463,IS
2023-07-07,1,0.46945506628185774,IS
2023-07-10,1,0.46455222703708027,IS
2023-07-11,0,0.45094958921592204,IS
2023-07-12,0,0.44280714311625075,IS
2023-07-13,1,0.45780955592510236,IS
2023-07-14,1,0.4540490528649844,IS
2023-07-17,1,0.46629292231491537,IS
2023-07-18,1,0.474982945054253,IS
2023-07-19,1,0.4416922677921933,IS
2023-07-20,0,0.43065490560025327,IS
2023-07-21,0,0.4310910723048168,IS
2023-07-24,0,0.46240677830976057,IS
2023-07-25,0,0.4610876718939927,IS
2023-07-26,0,0.4629036852414062,IS
2023-07-27,0,0.49268428997466707,IS
2023-07-28,0,0.4729495413926016,IS
2023-07-31,0,0.4775205294836366,IS
2023-08-01,0,0.4935964847459965,IS
2023-08-02,0,0.475220553983253,IS
2023-08-03,0,0.5333942199178363,IS
2023-08-04,1,0.5461172453562617,IS
2023-08-07,1,0.5522817564733788,IS
2023-08-08,0,0.5607062538574396,IS
2023-08-09,0,0.5737695008730456,IS
2023-08-10,0,0.5706670878434448,IS
2023-08-11,0,0.5642790242820993,IS
2023-08-14,0,0.583178134880864,IS
2023-08-15,1,0.5878035856769147,IS
2023-08-16,1,0.560516871695715,IS
2023-08-17,1,0.5579016214376611,IS
2023-08-18,1,0.5473409507678393,IS
2023-08-21,1,0.5510026231563074,IS
2023-08-22,1,0.5313346874382212,IS
2023-08-23,0,0.5213573175280019,IS
2023-08-24,0,0.5332990077069026,IS
2023-08-25,0,0.5141430874056073,IS
2023-08-28,0,0.48988987148064433,IS
2023-08-29,0,0.4905994478136104,IS
2023-08-30,0,0.4801749777014925,IS
2023-08-31,0,0.5039067902366737,IS
2023-09-01,1,0.528974268042988,IS
2023-09-05,1,0.5509041861041927,IS
2023-09-06,1,0.5933702217094549,IS
2023-09-07,1,0.5725678653361088,IS
2023-09-08,1,0.49271548724982,IS
2023-09-11,1,0.4876584906170432,IS
2023-09-12,1,0.49631340033127175,IS
2023-09-13,1,0.4714394818539908,IS
2023-09-14,0,0.489214933082888,IS
2023-09-15,0,0.4935911567402895,IS
2023-09-18,0,0.506194940228724,IS
2023-09-19,0,0.5158613014007374,IS
2023-09-20,0,0.49177180748743016,IS
2023-09-21,0,0.5167715043233891,IS
2023-09-22,0,0.5276709956194585,IS
2023-09-25,0,0.5296245830408245,IS
2023-09-26,0,0.5751933633023136,IS
2023-09-27,0,0.6597787397771747,IS
2023-09-28,1,0.7510627926390696,IS
2023-09-29,1,0.7789337412757211,IS
2023-10-02,1,0.8438161464088895,IS
2023-10-03,1,0.8571823333555894,IS
2023-10-04,1,0.8565025735418406,IS
2023-10-05,1,0.8593125240394697,IS
2023-10-06,1,0.852830441725751,IS
2023-10-09,1,0.8443143898575122,IS
2023-10-10,1,0.8212052916810992,IS
2023-10-11,0,0.7964121036639963,IS
2023-10-12,0,0.7915378429696693,IS
2023-10-13,0,0.7659311972360761,IS
2023-10-16,0,0.7733173667637923,IS
2023-10-17,1,0.7517360029610825,IS
2023-10-18,1,0.7791651473118811,IS
2023-10-19,1,0.8058513687284458,IS
2023-10-20,1,0.8020232860410903,IS
2023-10-23,1,0.7816648985219026,IS
2023-10-24,1,0.7608729692035819,IS
2023-10-25,1,0.7498169020325262,IS
2023-10-26,1,0.7532829394843069,IS
2023-10-27,1,0.7679520855433783,IS
2023-10-30,1,0.7584028991085638,IS
2023-10-31,1,0.7498693802412664,IS
2023-11-01,1,0.7364932605843036,IS
2023-11-02,0,0.7242804034478963,IS
2023-11-03,0,0.718700156052366,IS
2023-11-06,0,0.730625992199191,IS
2023-11-07,1,0.7350468572781572,IS
2023-11-08,1,0.7366004071538351,IS
2023-11-09,1,0.7597634471524998,IS
2023-11-10,1,0.7624151443057383,IS
2023-11-13,1,0.7879272152565879,IS
2023-11-14,1,0.7609023673208104,IS
2023-11-15,1,0.7555280262106894,IS
2023-11-16,1,0.7433253236668138,IS
2023-11-17,1,0.7476914218650769,IS
2023-11-20,1,0.7443224916836421,IS
2023-11-21,1,0.735226855748931,IS
2023-11-22,1,0.7223991759711451,IS
2023-11-24,1,0.7153928689859923,IS
2023-11-27,1,0.6883506313940808,IS
2023-11-28,1,0.6745159125831631,IS
2023-11-29,1,0.6882667995143904,IS
2023-11-30,1,0.6759015357988529,IS
2023-12-01,1,0.649888921190155,IS
2023-12-04,1,0.66262648091019,IS
2023-12-05,1,0.6683044741343275,IS
2023-12-06,0,0.6424105234045591,IS
2023-12-07,0,0.648582216986364,IS
2023-12-08,1,0.6453148283928521,IS
2023-12-11,0,0.6105417645231227,IS
2023-12-12,0,0.5988615168572091,IS
2023-12-13,1,0.5482016822570174,IS
2023-12-14,0,0.6188855966542175,IS
2023-12-15,0,0.6163999693570681,IS
2023-12-18,0,0.6072325742497194,IS
2023-12-19,0,0.6094082829706885,IS
2023-12-20,1,0.6359239741327599,IS
2023-12-21,1,0.6129797018720318,IS
2023-12-22,0,0.5944626261223537,IS
2023-12-26,1,0.5987083390882444,IS
2023-12-27,0,0.5843438337639183,IS
2023-12-28,0,0.5535596463851039,IS
2023-12-29,0,0.5682702062604799,IS
2024-01-02,1,0.5372375172641509,OOS
2024-01-03,0,0.5843867950399003,OOS
2024-01-04,1,0.5656617531224556,OOS
2024-01-05,1,0.5359367530603338,OOS
2024-01-08,1,0.5523478574928845,OOS
2024-01-09,0,0.562724512950053,OOS
2024-01-10,0,0.5347075519214042,OOS
2024-01-11,0,0.5721041290627296,OOS
2024-01-12,0,0.516916975260728,OOS
2024-01-16,0,0.5422438438837557,OOS
2024-01-17,0,0.5706830409597866,OOS
2024-01-18,0,0.5883077538180131,OOS
2024-01-19,0,0.6138517179063367,OOS
2024-01-22,1,0.645817654782775,OOS
2024-01-23,1,0.6458166219720444,OOS
2024-01-24,1,0.6775664556517594,OOS
2024-01-25,1,0.6583907887575348,OOS
2024-01-26,1,0.6769542625556452,OOS
2024-01-29,0,0.6655067952690619,OOS
2024-01-30,0,0.6678255060658197,OOS
2024-01-31,0,0.6578579513807764,OOS
2024-02-01,0,0.620099773944649,OOS
2024-02-02,0,0.6359347405675553,OOS
2024-02-05,1,0.643321003098796,OOS
2024-02-06,0,0.6296729828559774,OOS
2024-02-07,0,0.615032179993775,OOS
2024-02-08,1,0.6257242434495754,OOS
2024-02-09,1,0.632256724630345,OOS
2024-02-12,1,0.6148006588144849,OOS
2024-02-13,1,0.6264134840069445,OOS
2024-02-14,1,0.6041500611189661,OOS
2024-02-15,1,0.5895921224684969,OOS
2024-02-16,0,0.5878360439211265,OOS
2024-02-20,1,0.5879252409896614,OOS
2024-02-21,1,0.5611481198900237,OOS
2024-02-22,1,0.5924197906287629,OOS
2024-02-23,0,0.570468606119943,OOS
2024-02-26,1,0.6132290154632078,OOS
2024-02-27,1,0.582362939112552,OOS
2024-02-28,1,0.584360672739721,OOS
2024-02-29,1,0.5942453228286404,OOS
2024-03-01,1,0.599709662180483,OOS
2024-03-04,1,0.5715949148411663,OOS
2024-03-05,1,0.5847833114837891,OOS
2024-03-06,1,0.5798938220736496,OOS
2024-03-07,0,0.5865922074037723,OOS
2024-03-08,0,0.588180306029635,OOS
2024-03-11,0,0.5956189012685129,OOS
2024-03-12,0,0.618675180965148,OOS
2024-03-13,1,0.5999689206177823,OOS
2024-03-14,1,0.6000390057301904,OOS
2024-03-15,1,0.5609906017584614,OOS
2024-03-18,1,0.5495051165585904,OOS
2024-03-19,0,0.5413086147660762,OOS
2024-03-20,0,0.5369687039001791,OOS
2024-03-21,0,0.571753841872895,OOS
2024-03-22,0,0.5877406232642266,OOS
2024-03-25,0,0.5834239054655821,OOS
2024-03-26,0,0.5762994227786123,OOS
2024-03-27,1,0.5431724598546201,OOS
2024-03-28,1,0.5726961626300614,OOS
2024-04-01,1,0.5665513954018396,OOS
2024-04-02,0,0.5525061987286782,OOS
2024-04-03,1,0.549127276368537,OOS
2024-04-04,1,0.5680083367469959,OOS
2024-04-05,1,0.5521878937268636,OOS
2024-04-08,1,0.5170142472304171,OOS
2024-04-09,0,0.5066177353399522,OOS
2024-04-10,1,0.5437777044233171,OOS
2024-04-11,0,0.5172888351930757,OOS
2024-04-12,0,0.5306438188129179,OOS
2024-04-15,0,0.5313241874047606,OOS
2024-04-16,0,0.5609778159736731,OOS
2024-04-17,0,0.49996299227027696,OOS
2024-04-18,0,0.5196525973781211,OOS
2024-04-19,0,0.490975255051246,OOS
2024-04-22,0,0.4948540844478335,OOS
2024-04-23,0,0.5099808870593472,OOS
2024-04-24,0,0.5030815874314716,OOS
2024-04-25,0,0.5110895074333817,OOS
2024-04-26,0,0.5507186802137589,OOS
2024-04-29,0,0.49810205643788014,OOS
2024-04-30,0,0.5445730626232593,OOS
2024-05-01,0,0.5170481690502539,OOS
2024-05-02,0,0.5587990920937347,OOS
2024-05-03,0,0.556572424197536,OOS
2024-05-06,0,0.5776284104369016,OOS
2024-05-07,0,0.5891090711884168,OOS
2024-05-08,0,0.6385606644947641,OOS
2024-05-09,0,0.6685564983625496,OOS
2024-05-10,0,0.6990371229095049,OOS
2024-05-13,0,0.7219071700170946,OOS
2024-05-14,0,0.6825007833938872,OOS
2024-05-15,1,0.7168601657738422,OOS
2024-05-16,1,0.7787950195110257,OOS
2024-05-17,1,0.7762753560765633,OOS
2024-05-20,1,0.7737680304641054,OOS
2024-05-21,1,0.7613305288334629,OOS
2024-05-22,1,0.811398818456263,OOS
2024-05-23,0,0.8061462627944516,OOS
2024-05-24,0,0.7586705359891965,OOS
2024-05-28,0,0.7745263747023242,OOS
2024-05-29,0,0.7535565956037397,OOS
2024-05-30,1,0.7022156629873318,OOS
2024-05-31,1,0.7070193475613572,OOS
2024-06-03,1,0.7513350588594399,OOS
2024-06-04,1,0.7367040358055795,OOS
2024-06-05,1,0.741726137930628,OOS
2024-06-06,1,0.7352890477334739,OOS
2024-06-07,1,0.7088920760000109,OOS
2024-06-10,1,0.67342676888136,OOS
2024-06-11,1,0.6994256024273081,OOS
2024-06-12,1,0.6925801100914776,OOS
2024-06-13,1,0.6784745583079917,OOS
2024-06-14,1,0.6928471396504152,OOS
2024-06-17,0,0.7071446939348116,OOS
2024-06-18,0,0.6773071521589883,OOS
2024-06-20,1,0.6758796086694258,OOS
2024-06-21,1,0.6941464212771653,OOS
2024-06-24,1,0.6754455276213551,OOS
2024-06-25,1,0.717873963014103,OOS
2024-06-26,1,0.7045623959074406,OOS
2024-06-27,1,0.6976952092842101,OOS
2024-06-28,0,0.7230770747115294,OOS
2024-07-01,0,0.7178837691981201,OOS
2024-07-02,0,0.6794633334986373,OOS
2024-07-03,0,0.6709093620942022,OOS
2024-07-05,0,0.6660137143815071,OOS
2024-07-08,0,0.6701634292951746,OOS
2024-07-09,0,0.6769951552821621,OOS
2024-07-10,0,0.6741068268589377,OOS
2024-07-11,1,0.6667235423858155,OOS
2024-07-12,1,0.6927309621934649,OOS
2024-07-15,0,0.7377189440212543,OOS
2024-07-16,0,0.671340535753318,OOS
2024-07-17,0,0.6756079121783038,OOS
2024-07-18,0,0.6734770951980649,OOS
2024-07-19,0,0.6672562890263245,OOS
2024-07-22,0,0.667838883604824,OOS
2024-07-23,0,0.6889724372704688,OOS
2024-07-24,0,0.683034027611656,OOS
2024-07-25,0,0.7204179913445875,OOS
2024-07-26,0,0.6867893296911746,OOS
2024-07-29,0,0.7250382302612457,OOS
2024-07-30,0,0.7346362144491428,OOS
2024-07-31,0,0.7479997538805844,OOS
2024-08-01,1,0.7426049495263237,OOS
2024-08-02,1,0.7764834500956764,OOS
2024-08-05,1,0.81334319231057,OOS
2024-08-06,1,0.7668226805646623,OOS
2024-08-07,1,0.7846080270206297,OOS
2024-08-08,1,0.7856678884427074,OOS
2024-08-09,0,0.7857932203763821,OOS
2024-08-12,0,0.7880541626462501,OOS
2024-08-13,0,0.7719193318609835,OOS
2024-08-14,0,0.7789564358575676,OOS
2024-08-15,0,0.7786315840191412,OOS
2024-08-16,0,0.7656809175575449,OOS
2024-08-19,1,0.7652600034942998,OOS
2024-08-20,1,0.7802264460761487,OOS
2024-08-21,1,0.7706907817997186,OOS
2024-08-22,1,0.7831616880008366,OOS
2024-08-23,0,0.77755778974635,OOS
2024-08-26,0,0.7698663701012054,OOS
2024-08-27,0,0.7703973505282227,OOS
2024-08-28,0,0.7593072431586745,OOS
2024-08-29,0,0.7632834719596405,OOS
2024-08-30,0,0.7553935091524645,OOS
2024-09-03,0,0.7680082782433709,OOS
2024-09-04,1,0.7734092801389126,OOS
2024-09-05,1,0.7932818457241416,OOS
2024-09-06,0,0.79474782828356,OOS
2024-09-09,0,0.7832442561931809,OOS
2024-09-10,1,0.7856120778907889,OOS
2024-09-11,1,0.8006887343291348,OOS
2024-09-12,1,0.8037683763528142,OOS
2024-09-13,1,0.7889726014104808,OOS
2024-09-16,0,0.8015157141855394,OOS
2024-09-17,1,0.809226023495578,OOS
2024-09-18,0,0.8084234494656061,OOS
2024-09-19,0,0.8123425452639054,OOS
2024-09-20,0,0.7796933937388035,OOS
2024-09-23,1,0.7958313568946686,OOS
2024-09-24,0,0.8118431621156535,OOS
2024-09-25,1,0.7888238516993116,OOS
2024-09-26,1,0.7900345935781526,OOS
2024-09-27,1,0.7768223047018531,OOS
2024-09-30,1,0.7767544057513752,OOS
2024-10-01,1,0.7682027097303163,OOS
2024-10-02,1,0.7729970427271569,OOS
2024-10-03,1,0.7809478817248138,OOS
2024-10-04,1,0.7629094756401854,OOS
2024-10-07,0,0.7754724635934406,OOS
2024-10-08,0,0.7142651462462782,OOS
2024-10-09,0,0.7402342903747055,OOS
2024-10-10,0,0.7495076345419036,OOS
2024-10-11,0,0.736172876943297,OOS
2024-10-14,0,0.7299014727889146,OOS
2024-10-15,1,0.7492911277479017,OOS
2024-10-16,1,0.7490034767027635,OOS
2024-10-17,1,0.779874937081579,OOS
2024-10-18,1,0.7557728341503465,OOS
2024-10-21,1,0.7688240290077473,OOS
2024-10-22,1,0.7588026252457997,OOS
2024-10-23,1,0.7265512049075116,OOS
2024-10-24,1,0.7729346714380761,OOS
2024-10-25,1,0.7810381124578348,OOS
2024-10-28,1,0.740164595149584,OOS
2024-10-29,1,0.772384906166277,OOS
2024-10-30,1,0.770112754167093,OOS
2024-10-31,1,0.7442759684036255,OOS
2024-11-01,0,0.7766579198826056,OOS
2024-11-04,0,0.787412226100931,OOS
2024-11-05,0,0.7486601306730488,OOS
2024-11-06,0,0.7850621928469239,OOS
2024-11-07,0,0.7688030816617076,OOS
2024-11-08,0,0.7388202228199453,OOS
2024-11-11,1,0.768152556566742,OOS
2024-11-12,0,0.7924141735148708,OOS
2024-11-13,0,0.7829992074933876,OOS
2024-11-14,0,0.7792192843737544,OOS
2024-11-15,0,0.7488183494429337,OOS
2024-11-18,0,0.765323528467305,OOS
2024-11-19,0,0.7658035527958139,OOS
2024-11-20,0,0.7727317576422023,OOS
2024-11-21,0,0.7620351778349326,OOS
2024-11-22,1,0.7838120877887533,OOS
2024-11-25,1,0.7717013132580647,OOS
2024-11-26,1,0.7734024272985941,OOS
2024-11-27,1,0.7977251141477446,OOS
2024-11-29,1,0.8026838344263859,OOS
2024-12-02,1,0.8191025733562798,OOS
2024-12-03,1,0.8109445190367225,OOS
2024-12-04,1,0.7874839970397293,OOS
2024-12-05,1,0.7777133221431918,OOS
2024-12-06,1,0.7812671847224472,OOS
2024-12-09,1,0.786867556096074,OOS
2024-12-10,1,0.770280476570135,OOS
2024-12-11,1,0.769691145392532,OOS
2024-12-12,1,0.7557481503840987,OOS
2024-12-13,1,0.763382332548097,OOS
2024-12-16,1,0.7901924084160402,OOS
2024-12-17,0,0.7858439506020201,OOS
2024-12-18,0,0.7910452908663805,OOS
2024-12-19,0,0.7648783068441996,OOS
2024-12-20,1,0.7634507893908182,OOS
2024-12-23,1,0.7860629318224157,OOS
2024-12-24,1,0.7877913638016105,OOS
2024-12-26,1,0.7864186447027341,OOS
2024-12-27,1,0.7829964913319868,OOS
2024-12-30,1,0.7783658208747524,OOS
2024-12-31,1,0.7654218410572899,OOS
2025-01-02,1,0.7622075461786073,OOS
2025-01-03,1,0.7496050078420641,OOS
2025-01-06,1,0.7560023399981046,OOS
2025-01-07,1,0.7359321413310106,OOS
2025-01-08,0,0.7266787620065173,OOS
2025-01-10,0,0.7371981262397173,OOS
2025-01-13,0,0.7405600716860794,OOS
2025-01-14,0,0.6197286384372823,OOS
2025-01-15,0,0.631438643365421,OOS
2025-01-16,0,0.5751210338809418,OOS
2025-01-17,1,0.6927641586097957,OOS
2025-01-21,1,0.6644117865454887,OOS
2025-01-22,1,0.7190010480624482,OOS
2025-01-23,1,0.6608885284828736,OOS
2025-01-24,1,0.6713271836676178,OOS
2025-01-27,0,0.6789089204748541,OOS
2025-01-28,0,0.677144392621937,OOS
2025-01-29,0,0.6364450245668158,OOS
2025-01-30,0,0.637332664000859,OOS
2025-01-31,0,0.6760480013964858,OOS
2025-02-03,0,0.6603944989740047,OOS
2025-02-04,0,0.7119574702653643,OOS
2025-02-05,0,0.6640352752172818,OOS
2025-02-06,0,0.6484013169643863,OOS
2025-02-07,0,0.6522277072772368,OOS
2025-02-10,0,0.6269354928250159,OOS
2025-02-11,0,0.5862490755107582,OOS
2025-02-12,0,0.5792942310067625,OOS
2025-02-13,0,0.5955684978031115,OOS
2025-02-14,0,0.553968400909518,OOS
2025-02-18,0,0.559081631036307,OOS
2025-02-19,0,0.5964633613308247,OOS
2025-02-20,1,0.5961600024550715,OOS
2025-02-21,1,0.589283301365482,OOS
2025-02-24,1,0.6364060913674031,OOS
2025-02-25,1,0.5930060898791322,OOS
2025-02-26,1,0.6053216865352395,OOS
2025-02-27,1,0.5804986552594916,OOS
2025-02-28,1,0.5302518020601321,OOS
2025-03-03,1,0.5559651889831484,OOS
2025-03-04,1,0.5880369469250248,OOS
2025-03-05,1,0.5123213485737077,OOS
2025-03-06,0,0.5837463901633234,OOS
2025-03-07,0,0.5169488834389272,OOS
2025-03-10,0,0.53795220766679,OOS
2025-03-11,0,0.595591866090598,OOS
2025-03-12,0,0.5894717318119307,OOS
2025-03-13,0,0.5722438441039118,OOS
2025-03-14,1,0.5390689740948541,OOS
2025-03-17,1,0.5729359486228751,OOS
2025-03-18,1,0.5527170210128477,OOS
2025-03-19,1,0.5339309719787365,OOS
2025-03-20,1,0.5342586925918371,OOS
2025-03-21,1,0.5524722501384149,OOS
2025-03-24,1,0.5473027375793832,OOS
2025-03-25,0,0.555103533648406,OOS
2025-03-26,0,0.5149700698077756,OOS
2025-03-27,0,0.5231899309166249,OOS
2025-03-28,1,0.48263887841559283,OOS
2025-03-31,1,0.5508279103963097,OOS
2025-04-01,1,0.5571715741933191,OOS
2025-04-02,1,0.5356567845013541,OOS
2025-04-03,1,0.5161162481902015,OOS
2025-04-04,0,0.5814863134787835,OOS
2025-04-07,0,0.5063045824127925,OOS
2025-04-08,0,0.4931212724479313,OOS
2025-04-09,0,0.4790043034558778,OOS
2025-04-10,0,0.5306699743508694,OOS
2025-04-11,1,0.4749894908265188,OOS
2025-04-14,1,0.4637116587330512,OOS
2025-04-15,0,0.4791510319451948,OOS
2025-04-16,0,0.47754639580168495,OOS
2025-04-17,0,0.39271646796652165,OOS
2025-04-21,0,0.4946528955240897,OOS
2025-04-22,0,0.43650489452430674,OOS
2025-04-23,0,0.48652693060281443,OOS
2025-04-24,0,0.5189210687208681,OOS
2025-04-25,0,0.5228789145129656,OOS
2025-04-28,0,0.5116104405419258,OOS
2025-04-29,0,0.5182969775929265,OOS
2025-04-30,0,0.525168802055578,OOS
2025-05-01,0,0.569037211948742,OOS
2025-05-02,1,0.5527992840436836,OOS
2025-05-05,1,0.6139566945613345,OOS
2025-05-06,1,0.6216285561371323,OOS
2025-05-07,1,0.6410763285370057,OOS
2025-05-08,0,0.679066450312712,OOS
2025-05-09,0,0.6534210477020542,OOS
2025-05-12,0,0.6682857948238191,OOS
2025-05-13,0,0.673653882248151,OOS
2025-05-14,0,0.6581796430904646,OOS
2025-05-15,1,0.6167924956543973,OOS
2025-05-16,1,0.6669458541846792,OOS
2025-05-19,1,0.6990703860195524,OOS
2025-05-20,1,0.696983636030289,OOS
2025-05-21,1,0.7132974893604975,OOS
2025-05-22,0,0.6844816455127597,OOS
2025-05-23,0,0.6469990665582788,OOS
2025-05-27,1,0.6417888592027068,OOS
2025-05-28,1,0.6610631369595984,OOS
2025-05-29,1,0.6161496336497327,OOS
2025-05-30,1,0.6122602738510744,OOS
2025-06-02,1,0.6261085340181087,OOS
2025-06-03,1,0.6379990676966615,OOS
2025-06-04,1,0.6860369652874713,OOS
2025-06-05,1,0.6474474197746473,OOS
2025-06-06,1,0.6408754812929504,OOS
2025-06-09,1,0.6394716042748317,OOS
2025-06-10,1,0.5873170504900458,OOS
2025-06-11,1,0.5849506474010727,OOS
2025-06-12,1,0.5519400145025006,OOS
2025-06-13,0,0.5961090331801736,OOS
2025-06-16,0,0.5353088523940247,OOS
2025-06-17,0,0.572214550600362,OOS
2025-06-18,0,0.5307836620293379,OOS
2025-06-20,0,0.5091317323376792,OOS
2025-06-23,0,0.4607418109636614,OOS
2025-06-24,0,0.49955287993220027,OOS
2025-06-25,0,0.5332840360594017,OOS
2025-06-26,0,0.5076429752345015,OOS
2025-06-27,1,0.49921906450537923,OOS
2025-06-30,1,0.48372833093597134,OOS
2025-07-01,1,0.4815295741205119,OOS
2025-07-02,0,0.4776707754754233,OOS
2025-07-03,0,0.3885937428797197,OOS
2025-07-07,0,0.40493175354763217,OOS
2025-07-08,0,0.41907013263300735,OOS
2025-07-09,0,0.390398669086005,OOS
2025-07-10,1,0.38957299656674865,OOS
2025-07-11,0,0.4188385648816582,OOS
2025-07-14,0,0.4028408457620245,OOS
2025-07-15,0,0.4854801227039767,OOS
2025-07-16,0,0.47617552566703625,OOS
2025-07-17,0,0.3970421648807311,OOS
2025-07-18,0,0.3743409309760112,OOS
2025-07-21,1,0.37781763027817916,OOS
2025-07-22,1,0.3774483188643076,OOS
2025-07-23,1,0.4628330208473908,OOS
2025-07-24,0,0.463696300878782,OOS
2025-07-25,0,0.4469556071587801,OOS
2025-07-28,0,0.4913890167080497,OOS
2025-07-29,0,0.40256317835706557,OOS
2025-07-30,0,0.4123690566797036,OOS
2025-07-31,0,0.4548275064151153,OOS
2025-08-01,0,0.4724347637245179,OOS
2025-08-04,1,0.47315544164354145,OOS
2025-08-05,0,0.5892051794474487,OOS
2025-08-06,0,0.5887641811359229,OOS
2025-08-07,1,0.5123373015007597,OOS
2025-08-08,1,0.5754925890051962,OOS
2025-08-11,1,0.5631867301050667,OOS
2025-08-12,1,0.532454942395338,OOS
2025-08-13,1,0.5452045684410495,OOS
2025-08-14,1,0.5508792447845446,OOS
2025-08-15,1,0.5293600947333142,OOS
2025-08-18,1,0.5369961365449528,OOS
2025-08-19,1,0.49966036421913645,OOS
2025-08-20,1,0.5503323125873936,OOS
2025-08-21,1,0.5732119829850806,OOS
2025-08-22,1,0.5366519558476998,OOS
2025-08-25,1,0.5780157532511019,OOS
2025-08-26,1,0.5077026742327606,OOS
2025-08-27,1,0.5146895473116617,OOS
2025-08-28,1,0.5202888356473827,OOS
2025-08-29,1,0.4968271438550102,OOS
2025-09-02,1,0.513330459865593,OOS
2025-09-03,0,0.49476116443382806,OOS
2025-09-04,0,0.5212552577452783,OOS
2025-09-05,0,0.5307980877240976,OOS
2025-09-08,0,0.5697438099042681,OOS
2025-09-09,0,0.5339542727587518,OOS
2025-09-10,1,0.5183385080436598,OOS
2025-09-11,1,0.5384970354057338,OOS
2025-09-12,1,0.5752771914382808,OOS
2025-09-15,0,0.5885332003949159,OOS
2025-09-16,0,0.6134110311296236,OOS
2025-09-17,0,0.5512383977768571,OOS
2025-09-18,0,0.5589414048561854,OOS
2025-09-19,0,0.5467271358540332,OOS
2025-09-22,0,0.5577203832706848,OOS
2025-09-23,0,0.5788983628304263,OOS
2025-09-24,0,0.6050227096143738,OOS
2025-09-25,0,0.6364202432559106,OOS
2025-09-26,0,0.5830744388803635,OOS
2025-09-29,0,0.6316756089282436,OOS
2025-09-30,0,0.666662503214287,OOS
2025-10-01,0,0.6782891108088851,OOS
2025-10-02,0,0.7188748968318923,OOS
2025-10-03,0,0.7270749496415905,OOS
2025-10-06,0,0.7574359733576836,OOS
2025-10-07,0,0.7742698106868555,OOS
2025-10-08,0,0.7834059226542157,OOS
2025-10-09,0,0.7959226534499797,OOS
2025-10-10,0,0.8022189710532862,OOS
2025-10-13,1,0.8124519399468793,OOS
2025-10-14,1,0.8085831707796772,OOS
2025-10-15,1,0.8257427834654436,OOS
2025-10-16,1,0.8485213864494747,OOS
2025-10-17,1,0.8430971765227662,OOS
2025-10-20,1,0.8380103298278389,OOS
2025-10-21,1,0.8429119336511398,OOS
2025-10-22,1,0.8304196355893165,OOS
2025-10-23,1,0.8125229609086954,OOS
2025-10-24,1,0.7780794082170966,OOS
2025-10-27,1,0.7896580619444632,OOS
2025-10-28,1,0.7961136991694662,OOS
2025-10-29,1,0.7719769305672157,OOS
2025-10-30,1,0.7718335624256667,OOS
2025-10-31,0,0.7725360957799408,OOS
2025-11-03,0,0.7538472644586431,OOS
2025-11-04,0,0.7592748240138361,OOS
2025-11-05,0,0.7496619989370115,OOS
2025-11-06,1,0.7506825649543197,OOS
2025-11-07,1,0.7404259222959297,OOS
2025-11-10,1,0.7611321588454661,OOS
2025-11-11,1,0.7587638131780146,OOS
2025-11-12,1,0.7493320584578744,OOS
2025-11-13,1,0.7820435759802469,OOS
2025-11-14,1,0.7525933694541337,OOS
2025-11-17,1,0.7264532320385447,OOS
2025-11-18,0,0.7458985450383936,OOS
2025-11-19,0,0.7434798275106211,OOS
2025-11-20,0,0.7423459858914698,OOS
2025-11-21,1,0.7329661366046821,OOS
2025-11-24,1,0.7291994712755435,OOS
2025-11-25,1,0.7459854802476877,OOS
2025-11-26,1,0.73696833141263,OOS
2025-11-28,1,0.7575962041045883,OOS
2025-12-01,1,0.7882655445455939,OOS
2025-12-02,1,0.7554561105260292,OOS
2025-12-03,1,0.7561918246349777,OOS
2025-12-04,1,0.7559914777650557,OOS
2025-12-05,1,0.7624520733572756,OOS
2025-12-08,0,0.761324972224368,OOS
2025-12-09,0,0.7504096603308741,OOS
2025-12-10,0,0.757848353073897,OOS
2025-12-11,0,0.7312458641147644,OOS
2025-12-12,1,0.7475903182634139,OOS
2025-12-15,1,0.7154455114388286,OOS
2025-12-16,1,0.7321075865924639,OOS
2025-12-17,1,0.7437099962459157,OOS
2025-12-18,1,0.6941382281395145,OOS
2025-12-19,0,0.7295925113246504,OOS
2025-12-22,0,0.6593137803146603,OOS
2025-12-23,0,0.6572350582938205,OOS
2025-12-24,0,0.673277720093098,OOS
2025-12-26,0,0.670025346422949,OOS
2025-12-29,0,0.6692105583450674,OOS
2025-12-30,0,0.6538200892006757,OOS
2025-12-31,0,0.6477727562539389,OOS
